INSERT INTO
    Filmdatabase.Films.FilmActeur(personage, FilmId, ActeurId)
VALUES
    ('Ferm', 1, 1);

INSERT INTO
    Filmdatabase.Films.FilmActeur(personage, FilmId, ActeurId)
VALUES
    ('Dave', 1, 2);

INSERT INTO
    Filmdatabase.Films.FilmActeur(personage, FilmId, ActeurId)
VALUES
    ('Fred Hampton', 2, 3);

INSERT INTO
    Filmdatabase.Films.FilmActeur(personage, FilmId, ActeurId)
VALUES
    ('Willam ONeil', 2, 4);

INSERT INTO
    Filmdatabase.Films.FilmActeur(personage, FilmId, ActeurId)
VALUES
    ('Anthony', 3, 5);

INSERT INTO
    Filmdatabase.Films.FilmActeur(personage, FilmId, ActeurId)
VALUES
    ('Anne', 3, 6);

INSERT INTO
    Filmdatabase.Films.FilmActeur(personage, FilmId, ActeurId)
VALUES
    ('Peter Parker,Spider-man', 4, 7);

INSERT INTO
    Filmdatabase.Films.FilmActeur(personage, FilmId, ActeurId)
VALUES
    ('MJ', 4, 8);

INSERT INTO
    Filmdatabase.Films.FilmActeur(personage, FilmId, ActeurId)
VALUES
    ('Usnavi', 5, 9);

INSERT INTO
    Filmdatabase.Films.FilmActeur(personage, FilmId, ActeurId)
VALUES
    ('Vanessa', 5, 10);

INSERT INTO
    Filmdatabase.Films.FilmActeur(personage, FilmId, ActeurId)
VALUES
    ('Rob', 6, 11);

INSERT INTO
    Filmdatabase.Films.FilmActeur(personage, FilmId, ActeurId)
VALUES
    ('Amir', 6, 12);

INSERT INTO
    Filmdatabase.Films.FilmActeur(personage, FilmId, ActeurId)
VALUES
    ('Phil Burbank', 7, 13);

INSERT INTO
    Filmdatabase.Films.FilmActeur(personage, FilmId, ActeurId)
VALUES
    ('Rose', 7, 14);

INSERT INTO
    Filmdatabase.Films.FilmActeur(personage, FilmId, ActeurId)
VALUES
    ('Ruby Rossi', 8, 15);

INSERT INTO
    Filmdatabase.Films.FilmActeur(personage, FilmId, ActeurId)
VALUES
    ('Frank Rossi', 8, 16);

INSERT INTO
    Filmdatabase.Films.FilmActeur(personage, FilmId, ActeurId)
VALUES
    ('Tony', 9, 17);

INSERT INTO
    Filmdatabase.Films.FilmActeur(personage, FilmId, ActeurId)
VALUES
    ('Maria', 9, 18);

INSERT INTO
    Filmdatabase.Films.FilmActeur(personage, FilmId, ActeurId)
VALUES
    ('Raya', 10, 19);

INSERT INTO
    Filmdatabase.Films.FilmActeur(personage, FilmId, ActeurId)
VALUES
    ('Boun', 10, 20);

INSERT INTO
    Filmdatabase.Films.FilmActeur(personage, FilmId, ActeurId)
VALUES
    ('Evelyn Abbott', 11, 21);

INSERT INTO
    Filmdatabase.Films.FilmActeur(personage, FilmId, ActeurId)
VALUES
    ('Emmett', 11, 22);

INSERT INTO
    Filmdatabase.Films.FilmActeur(personage, FilmId, ActeurId)
VALUES
    ('Katie Mitchell', 12, 23);

INSERT INTO
    Filmdatabase.Films.FilmActeur(personage, FilmId, ActeurId)
VALUES
    ('Rick Mitchell', 12, 24);

INSERT INTO
    Filmdatabase.Films.FilmActeur(personage, FilmId, ActeurId)
VALUES
    ('Harley Quinn', 13, 25);

INSERT INTO
    Filmdatabase.Films.FilmActeur(personage, FilmId, ActeurId)
VALUES
    ('Bloodsport', 13, 26);

INSERT INTO
    Filmdatabase.Films.FilmActeur(personage, FilmId, ActeurId)
VALUES
    ('Lord Macbeth', 14, 27);

INSERT INTO
    Filmdatabase.Films.FilmActeur(personage, FilmId, ActeurId)
VALUES
    ('Banquo', 14, 28);

INSERT INTO
    Filmdatabase.Films.FilmActeur(personage, FilmId, ActeurId)
VALUES
    ('Self', 15, 29);

INSERT INTO
    Filmdatabase.Films.FilmActeur(personage, FilmId, ActeurId)
VALUES
    ('Self', 15, 30);

INSERT INTO
    Filmdatabase.Films.FilmActeur(personage, FilmId, ActeurId)
VALUES
    ('Ellie Andrews', 16, 31);

INSERT INTO
    Filmdatabase.Films.FilmActeur(personage, FilmId, ActeurId)
VALUES
    ('Peter Warne', 16, 32);

INSERT INTO
    Filmdatabase.Films.FilmActeur(personage, FilmId, ActeurId)
VALUES
    ('Charles Foster', 17, 33);

INSERT INTO
    Filmdatabase.Films.FilmActeur(personage, FilmId, ActeurId)
VALUES
    ('Jedediah Leland', 17, 34);

INSERT INTO
    Filmdatabase.Films.FilmActeur(personage, FilmId, ActeurId)
VALUES
    ('Dorothy Gale', 18, 35);

INSERT INTO
    Filmdatabase.Films.FilmActeur(personage, FilmId, ActeurId)
VALUES
    ('Professor Marvel', 18, 36);

INSERT INTO
    Filmdatabase.Films.FilmActeur(personage, FilmId, ActeurId)
VALUES
    ('A Factory Worker', 19, 37);

INSERT INTO
    Filmdatabase.Films.FilmActeur(personage, FilmId, ActeurId)
VALUES
    ('A Gamin', 19, 38);

INSERT INTO
    Filmdatabase.Films.FilmActeur(personage, FilmId, ActeurId)
VALUES
    ('Tchalla,Black Panther', 20, 39);

INSERT INTO
    Filmdatabase.Films.FilmActeur(personage, FilmId, ActeurId)
VALUES
    ('Okoye', 20, 40);

INSERT INTO
    Filmdatabase.Films.FilmProducent(FilmId, ProducentId)
VALUES
    (1, 1)
INSERT INTO
    Filmdatabase.Films.FilmProducent(FilmId, ProducentId)
VALUES
    (2, 2)
INSERT INTO
    Filmdatabase.Films.FilmProducent(FilmId, ProducentId)
VALUES
    (3, 3)
INSERT INTO
    Filmdatabase.Films.FilmProducent(FilmId, ProducentId)
VALUES
    (4, 4)
INSERT INTO
    Filmdatabase.Films.FilmProducent(FilmId, ProducentId)
VALUES
    (5, 5)
INSERT INTO
    Filmdatabase.Films.FilmProducent(FilmId, ProducentId)
VALUES
    (6, 6)
INSERT INTO
    Filmdatabase.Films.FilmProducent(FilmId, ProducentId)
VALUES
    (7, 7)
INSERT INTO
    Filmdatabase.Films.FilmProducent(FilmId, ProducentId)
VALUES
    (8, 8)
INSERT INTO
    Filmdatabase.Films.FilmProducent(FilmId, ProducentId)
VALUES
    (9, 9)
INSERT INTO
    Filmdatabase.Films.FilmProducent(FilmId, ProducentId)
VALUES
    (10, 10)
INSERT INTO
    Filmdatabase.Films.FilmProducent(FilmId, ProducentId)
VALUES
    (11, 11)
INSERT INTO
    Filmdatabase.Films.FilmProducent(FilmId, ProducentId)
VALUES
    (12, 12)
INSERT INTO
    Filmdatabase.Films.FilmProducent(FilmId, ProducentId)
VALUES
    (13, 13)
INSERT INTO
    Filmdatabase.Films.FilmProducent(FilmId, ProducentId)
VALUES
    (14, 14)
INSERT INTO
    Filmdatabase.Films.FilmProducent(FilmId, ProducentId)
VALUES
    (15, 15)
INSERT INTO
    Filmdatabase.Films.FilmProducent(FilmId, ProducentId)
VALUES
    (16, 16)
INSERT INTO
    Filmdatabase.Films.FilmProducent(FilmId, ProducentId)
VALUES
    (17, 17)
INSERT INTO
    Filmdatabase.Films.FilmProducent(FilmId, ProducentId)
VALUES
    (18, 18)
INSERT INTO
    Filmdatabase.Films.FilmProducent(FilmId, ProducentId)
VALUES
    (19, 19)
INSERT INTO
    Filmdatabase.Films.FilmProducent(FilmId, ProducentId)
VALUES
    (20, 20)
INSERT INTO
    Filmdatabase.Films.FilmRegisseur(FilmId, RegisseurId)
VALUES
    (1, 1)
INSERT INTO
    Filmdatabase.Films.FilmRegisseur(FilmId, RegisseurId)
VALUES
    (2, 2)
INSERT INTO
    Filmdatabase.Films.FilmRegisseur(FilmId, RegisseurId)
VALUES
    (1, 1)
INSERT INTO
    Filmdatabase.Films.FilmRegisseur(FilmId, RegisseurId)
VALUES
    (3, 3)
INSERT INTO
    Filmdatabase.Films.FilmRegisseur(FilmId, RegisseurId)
VALUES
    (4, 4)
INSERT INTO
    Filmdatabase.Films.FilmRegisseur(FilmId, RegisseurId)
VALUES
    (5, 5)
INSERT INTO
    Filmdatabase.Films.FilmRegisseur(FilmId, RegisseurId)
VALUES
    (6, 6)
INSERT INTO
    Filmdatabase.Films.FilmRegisseur(FilmId, RegisseurId)
VALUES
    (7, 7)
INSERT INTO
    Filmdatabase.Films.FilmRegisseur(FilmId, RegisseurId)
VALUES
    (8, 8)
INSERT INTO
    Filmdatabase.Films.FilmRegisseur(FilmId, RegisseurId)
VALUES
    (9, 9)
INSERT INTO
    Filmdatabase.Films.FilmRegisseur(FilmId, RegisseurId)
VALUES
    (1, 1)
INSERT INTO
    Filmdatabase.Films.FilmRegisseur(FilmId, RegisseurId)
VALUES
    (10, 10)
INSERT INTO
    Filmdatabase.Films.FilmRegisseur(FilmId, RegisseurId)
VALUES
    (11, 11)
INSERT INTO
    Filmdatabase.Films.FilmRegisseur(FilmId, RegisseurId)
VALUES
    (11, 11)
INSERT INTO
    Filmdatabase.Films.FilmRegisseur(FilmId, RegisseurId)
VALUES
    (12, 12)
INSERT INTO
    Filmdatabase.Films.FilmRegisseur(FilmId, RegisseurId)
VALUES
    (13, 13)
INSERT INTO
    Filmdatabase.Films.FilmRegisseur(FilmId, RegisseurId)
VALUES
    (14, 14)
INSERT INTO
    Filmdatabase.Films.FilmRegisseur(FilmId, RegisseurId)
VALUES
    (15, 15)
INSERT INTO
    Filmdatabase.Films.FilmRegisseur(FilmId, RegisseurId)
VALUES
    (16, 16)
INSERT INTO
    Filmdatabase.Films.FilmRegisseur(FilmId, RegisseurId)
VALUES
    (17, 17)
INSERT INTO
    Filmdatabase.Films.FilmRegisseur(FilmId, RegisseurId)
VALUES
    (18, 18)
INSERT INTO
    Filmdatabase.Films.FilmRegisseur(FilmId, RegisseurId)
VALUES
    (19, 19)
INSERT INTO
    Filmdatabase.Films.FilmRegisseur(FilmId, RegisseurId)
VALUES
    (20, 20)